<?xml version="1.0" encoding="utf-8"?>
<ModelInformation Version="0.9">
  <Model>
    <GraphicalInterface>
      <P Name="NumRootInports">0</P>
      <P Name="NumRootOutports">0</P>
      <P Name="ParameterArgumentNames"></P>
      <P Name="ComputedModelVersion">1.2</P>
      <P Name="NumModelReferences">0</P>
      <P Name="NumTestPointedSignals">0</P>
    </GraphicalInterface>
    <P Name="SavedCharacterEncoding">windows-1252</P>
    <P Name="SaveDefaultBlockParams">on</P>
    <P Name="ScopeRefreshTime">0.035000</P>
    <P Name="OverrideScopeRefreshTime">on</P>
    <P Name="DisableAllScopes">off</P>
    <P Name="DataTypeOverride">UseLocalSettings</P>
    <P Name="DataTypeOverrideAppliesTo">AllNumericTypes</P>
    <P Name="MinMaxOverflowLogging">UseLocalSettings</P>
    <P Name="MinMaxOverflowArchiveMode">Overwrite</P>
    <P Name="FPTRunName">Run 1</P>
    <P Name="MaxMDLFileLineLength">120</P>
    <Object PropName="BdWindowsInfo" ObjectID="1" ClassName="Simulink.BDWindowsInfo">
      <Object PropName="WindowsInfo" ObjectID="2" ClassName="Simulink.WindowInfo">
	<P Name="IsActive" Class="logical">1</P>
	<P Name="Location" Class="double">[-8.0, -8.0, 1382.0, 744.0]</P>
	<Object PropName="ModelBrowserInfo" ObjectID="3" ClassName="Simulink.ModelBrowserInfo">
	  <P Name="Visible" Class="logical">0</P>
	  <P Name="DockPosition" Class="char">Left</P>
	  <P Name="Width" Class="int32">50</P>
	  <P Name="Height" Class="int32">50</P>
	  <P Name="Filter" Class="int32">8</P>
	</Object>
	<Object PropName="ExplorerBarInfo" ObjectID="4" ClassName="Simulink.ExplorerBarInfo">
	  <P Name="Visible" Class="logical">1</P>
	</Object>
	<Object PropName="EditorsInfo" ObjectID="5" ClassName="Simulink.EditorInfo">
	  <P Name="IsActive" Class="logical">1</P>
	  <P Name="ViewObjType" Class="char">SimulinkTopLevel</P>
	  <P Name="LoadSaveID" Class="char">0</P>
	  <P Name="Extents" Class="double">[1330.0, 568.0]</P>
	  <P Name="ZoomFactor" Class="double">1.0</P>
	  <P Name="Offset" Class="double">[587.44999706745148, 68.262499958276749]</P>
	</Object>
      </Object>
    </Object>
    <ConfigManagerSettings>
      <P Name="UpdateHistory">UpdateHistoryNever</P>
      <P Name="ModifiedByFormat">%&lt;Auto&gt;</P>
      <P Name="ModifiedDateFormat">%&lt;Auto&gt;</P>
      <P Name="RTWModifiedTimeStamp">322586896</P>
      <P Name="ModelVersionFormat">1.%&lt;AutoIncrement:2&gt;</P>
      <P Name="ConfigurationManager">None</P>
    </ConfigManagerSettings>
    <EditorSettings>
      <P Name="SampleTimeColors">off</P>
      <P Name="SampleTimeAnnotations">off</P>
      <P Name="LibraryLinkDisplay">disabled</P>
      <P Name="WideLines">off</P>
      <P Name="ShowLineDimensions">off</P>
      <P Name="ShowPortDataTypes">off</P>
      <P Name="ShowDesignRanges">off</P>
      <P Name="ShowLoopsOnError">on</P>
      <P Name="IgnoreBidirectionalLines">off</P>
      <P Name="ShowStorageClass">off</P>
      <P Name="ShowTestPointIcons">on</P>
      <P Name="ShowSignalResolutionIcons">on</P>
      <P Name="ShowViewerIcons">on</P>
      <P Name="SortedOrder">off</P>
      <P Name="ExecutionContextIcon">off</P>
      <P Name="ShowLinearizationAnnotations">on</P>
      <P Name="BlockNameDataTip">off</P>
      <P Name="BlockParametersDataTip">off</P>
      <P Name="BlockDescriptionStringDataTip">off</P>
      <P Name="ToolBar">on</P>
      <P Name="StatusBar">on</P>
      <P Name="BrowserShowLibraryLinks">off</P>
      <P Name="BrowserLookUnderMasks">off</P>
    </EditorSettings>
    <SimulationSettings>
      <P Name="SimulationMode">normal</P>
      <P Name="LinearizationMsg">none</P>
      <P Name="Profile">off</P>
      <P Name="ParamWorkspaceSource">MATLABWorkspace</P>
      <P Name="AccelSystemTargetFile">accel.tlc</P>
      <P Name="AccelTemplateMakefile">accel_default_tmf</P>
      <P Name="AccelMakeCommand">make_rtw</P>
      <P Name="TryForcingSFcnDF">off</P>
      <Object PropName="DataLoggingOverride" ObjectID="6" ClassName="Simulink.SimulationData.ModelLoggingInfo">
	<P Name="model_" Class="char">simulacionPlantaControlada</P>
	<P Name="signals_" Class="double">[]</P>
	<P Name="overrideMode_" Class="double">0.0</P>
	<Array PropName="logAsSpecifiedByModels_" Type="Cell" Dimension="1*1">
	  <Cell Class="char">simulacionPlantaControlada</Cell>
	</Array>
	<Array PropName="logAsSpecifiedByModelsSSIDs_" Type="Cell" Dimension="1*1">
	  <Cell>[]</Cell>
	</Array>
      </Object>
    </SimulationSettings>
    <Verification>
      <P Name="RecordCoverage">off</P>
      <P Name="CovPath">/</P>
      <P Name="CovSaveName">covdata</P>
      <P Name="CovMetricSettings">dw</P>
      <P Name="CovNameIncrementing">off</P>
      <P Name="CovHtmlReporting">on</P>
      <P Name="CovForceBlockReductionOff">on</P>
      <P Name="covSaveCumulativeToWorkspaceVar">on</P>
      <P Name="CovSaveSingleToWorkspaceVar">on</P>
      <P Name="CovCumulativeVarName">covCumulativeData</P>
      <P Name="CovCumulativeReport">off</P>
      <P Name="CovReportOnPause">on</P>
      <P Name="CovModelRefEnable">Off</P>
      <P Name="CovExternalEMLEnable">off</P>
    </Verification>
    <ExternalMode>
      <P Name="ExtModeBatchMode">off</P>
      <P Name="ExtModeEnableFloating">on</P>
      <P Name="ExtModeTrigType">manual</P>
      <P Name="ExtModeTrigMode">normal</P>
      <P Name="ExtModeTrigPort">1</P>
      <P Name="ExtModeTrigElement">any</P>
      <P Name="ExtModeTrigDuration">1000</P>
      <P Name="ExtModeTrigDurationFloating">auto</P>
      <P Name="ExtModeTrigHoldOff">0</P>
      <P Name="ExtModeTrigDelay">0</P>
      <P Name="ExtModeTrigDirection">rising</P>
      <P Name="ExtModeTrigLevel">0</P>
      <P Name="ExtModeArchiveMode">off</P>
      <P Name="ExtModeAutoIncOneShot">off</P>
      <P Name="ExtModeIncDirWhenArm">off</P>
      <P Name="ExtModeAddSuffixToVar">off</P>
      <P Name="ExtModeWriteAllDataToWs">off</P>
      <P Name="ExtModeArmWhenConnect">on</P>
      <P Name="ExtModeSkipDownloadWhenConnect">off</P>
      <P Name="ExtModeLogAll">on</P>
      <P Name="ExtModeAutoUpdateStatusClock">on</P>
    </ExternalMode>
    <EngineSettings>
      <P Name="BufferReuse">on</P>
    </EngineSettings>
    <ModelReferenceSettings>
      <P Name="ShowModelReferenceBlockVersion">off</P>
      <P Name="ShowModelReferenceBlockIO">off</P>
    </ModelReferenceSettings>
    <ConfigurationSet>
      <Array PropName="ConfigurationSets" Type="Handle" Dimension="1*1">
	<Object ObjectID="7" Version="1.12.1" ClassName="Simulink.ConfigSet">
	  <Array PropName="Components" Type="Handle" Dimension="1*8">
	    <Object ObjectID="8" Version="1.12.1" ClassName="Simulink.SolverCC">
	      <P Name="StartTime">0.0</P>
	      <P Name="StopTime">3</P>
	      <P Name="AbsTol">auto</P>
	      <P Name="FixedStep">auto</P>
	      <P Name="InitialStep">auto</P>
	      <P Name="MaxNumMinSteps">-1</P>
	      <P Name="MaxOrder">5</P>
	      <P Name="ZcThreshold">auto</P>
	      <P Name="ConsecutiveZCsStepRelTol">10*128*eps</P>
	      <P Name="MaxConsecutiveZCs">1000</P>
	      <P Name="ExtrapolationOrder">4</P>
	      <P Name="NumberNewtonIterations">1</P>
	      <P Name="MaxStep">auto</P>
	      <P Name="MinStep">auto</P>
	      <P Name="MaxConsecutiveMinStep">1</P>
	      <P Name="RelTol">1e-3</P>
	      <P Name="SolverMode">Auto</P>
	      <P Name="EnableConcurrentExecution">off</P>
	      <P Name="ConcurrentTasks">off</P>
	      <P Name="Solver">ode45</P>
	      <P Name="SolverName">ode45</P>
	      <P Name="SolverJacobianMethodControl">auto</P>
	      <P Name="ShapePreserveControl">DisableAll</P>
	      <P Name="ZeroCrossControl">UseLocalSettings</P>
	      <P Name="ZeroCrossAlgorithm">Nonadaptive</P>
	      <P Name="AlgebraicLoopSolver">TrustRegion</P>
	      <P Name="SolverResetMethod">Fast</P>
	      <P Name="PositivePriorityOrder">off</P>
	      <P Name="AutoInsertRateTranBlk">off</P>
	      <P Name="SampleTimeConstraint">Unconstrained</P>
	      <P Name="InsertRTBMode">Whenever possible</P>
	    </Object>
	    <Object ObjectID="9" Version="1.12.1" ClassName="Simulink.DataIOCC">
	      <P Name="Decimation">1</P>
	      <P Name="ExternalInput">[t, u]</P>
	      <P Name="FinalStateName">xFinal</P>
	      <P Name="InitialState">xInitial</P>
	      <P Name="LimitDataPoints">on</P>
	      <P Name="MaxDataPoints">1000</P>
	      <P Name="LoadExternalInput">off</P>
	      <P Name="LoadInitialState">off</P>
	      <P Name="SaveFinalState">off</P>
	      <P Name="SaveCompleteFinalSimState">off</P>
	      <P Name="SaveFormat">Array</P>
	      <P Name="SignalLoggingSaveFormat">ModelDataLogs</P>
	      <P Name="SaveOutput">on</P>
	      <P Name="SaveState">off</P>
	      <P Name="SignalLogging">on</P>
	      <P Name="DSMLogging">on</P>
	      <P Name="InspectSignalLogs">off</P>
	      <P Name="SaveTime">on</P>
	      <P Name="ReturnWorkspaceOutputs">off</P>
	      <P Name="StateSaveName">xout</P>
	      <P Name="TimeSaveName">tout</P>
	      <P Name="OutputSaveName">yout</P>
	      <P Name="SignalLoggingName">logsout</P>
	      <P Name="DSMLoggingName">dsmout</P>
	      <P Name="OutputOption">RefineOutputTimes</P>
	      <P Name="OutputTimes">[]</P>
	      <P Name="ReturnWorkspaceOutputsName">out</P>
	      <P Name="Refine">1</P>
	    </Object>
	    <Object ObjectID="10" Version="1.12.1" ClassName="Simulink.OptimizationCC">
	      <Array PropName="DisabledProps" Type="Cell" Dimension="1*8">
		<Cell Class="char">BooleansAsBitfields</Cell>
		<Cell Class="char">PassReuseOutputArgsAs</Cell>
		<Cell Class="char">PassReuseOutputArgsThreshold</Cell>
		<Cell Class="char">ZeroExternalMemoryAtStartup</Cell>
		<Cell Class="char">ZeroInternalMemoryAtStartup</Cell>
		<Cell Class="char">OptimizeModelRefInitCode</Cell>
		<Cell Class="char">NoFixptDivByZeroProtection</Cell>
		<Cell Class="char">UseSpecifiedMinMax</Cell>
	      </Array>
	      <P Name="BlockReduction">on</P>
	      <P Name="BooleanDataType">on</P>
	      <P Name="ConditionallyExecuteInputs">on</P>
	      <P Name="InlineParams">off</P>
	      <P Name="UseIntDivNetSlope">off</P>
	      <P Name="UseFloatMulNetSlope">off</P>
	      <P Name="UseSpecifiedMinMax">off</P>
	      <P Name="InlineInvariantSignals">off</P>
	      <P Name="OptimizeBlockIOStorage">on</P>
	      <P Name="BufferReuse">on</P>
	      <P Name="EnhancedBackFolding">off</P>
	      <P Name="StrengthReduction">off</P>
	      <P Name="ExpressionFolding">on</P>
	      <P Name="BooleansAsBitfields">off</P>
	      <P Name="BitfieldContainerType">uint_T</P>
	      <P Name="EnableMemcpy">on</P>
	      <P Name="MemcpyThreshold">64</P>
	      <P Name="PassReuseOutputArgsAs">Structure reference</P>
	      <P Name="ExpressionDepthLimit">2147483647</P>
	      <P Name="FoldNonRolledExpr">on</P>
	      <P Name="LocalBlockOutputs">on</P>
	      <P Name="RollThreshold">5</P>
	      <P Name="SystemCodeInlineAuto">off</P>
	      <P Name="StateBitsets">off</P>
	      <P Name="DataBitsets">off</P>
	      <P Name="UseTempVars">off</P>
	      <P Name="ZeroExternalMemoryAtStartup">on</P>
	      <P Name="ZeroInternalMemoryAtStartup">on</P>
	      <P Name="InitFltsAndDblsToZero">off</P>
	      <P Name="NoFixptDivByZeroProtection">off</P>
	      <P Name="EfficientFloat2IntCast">off</P>
	      <P Name="EfficientMapNaN2IntZero">on</P>
	      <P Name="OptimizeModelRefInitCode">off</P>
	      <P Name="LifeSpan">inf</P>
	      <P Name="MaxStackSize">Inherit from target</P>
	      <P Name="BufferReusableBoundary">on</P>
	      <P Name="SimCompilerOptimization">Off</P>
	      <P Name="AccelVerboseBuild">off</P>
	      <P Name="ParallelExecutionInRapidAccelerator">on</P>
	    </Object>
	    <Object ObjectID="11" Version="1.12.1" ClassName="Simulink.DebuggingCC">
	      <P Name="RTPrefix">error</P>
	      <P Name="ConsistencyChecking">none</P>
	      <P Name="ArrayBoundsChecking">none</P>
	      <P Name="SignalInfNanChecking">none</P>
	      <P Name="SignalRangeChecking">none</P>
	      <P Name="ReadBeforeWriteMsg">UseLocalSettings</P>
	      <P Name="WriteAfterWriteMsg">UseLocalSettings</P>
	      <P Name="WriteAfterReadMsg">UseLocalSettings</P>
	      <P Name="AlgebraicLoopMsg">warning</P>
	      <P Name="ArtificialAlgebraicLoopMsg">warning</P>
	      <P Name="SaveWithDisabledLinksMsg">warning</P>
	      <P Name="SaveWithParameterizedLinksMsg">warning</P>
	      <P Name="CheckSSInitialOutputMsg">on</P>
	      <P Name="UnderspecifiedInitializationDetection">Classic</P>
	      <P Name="MergeDetectMultiDrivingBlocksExec">none</P>
	      <P Name="CheckExecutionContextPreStartOutputMsg">off</P>
	      <P Name="CheckExecutionContextRuntimeOutputMsg">off</P>
	      <P Name="SignalResolutionControl">UseLocalSettings</P>
	      <P Name="BlockPriorityViolationMsg">warning</P>
	      <P Name="MinStepSizeMsg">warning</P>
	      <P Name="TimeAdjustmentMsg">none</P>
	      <P Name="MaxConsecutiveZCsMsg">error</P>
	      <P Name="MaskedZcDiagnostic">warning</P>
	      <P Name="IgnoredZcDiagnostic">warning</P>
	      <P Name="SolverPrmCheckMsg">warning</P>
	      <P Name="InheritedTsInSrcMsg">warning</P>
	      <P Name="DiscreteInheritContinuousMsg">warning</P>
	      <P Name="MultiTaskDSMMsg">error</P>
	      <P Name="MultiTaskCondExecSysMsg">error</P>
	      <P Name="MultiTaskRateTransMsg">error</P>
	      <P Name="SingleTaskRateTransMsg">none</P>
	      <P Name="TasksWithSamePriorityMsg">warning</P>
	      <P Name="SigSpecEnsureSampleTimeMsg">warning</P>
	      <P Name="CheckMatrixSingularityMsg">none</P>
	      <P Name="IntegerOverflowMsg">warning</P>
	      <P Name="Int32ToFloatConvMsg">warning</P>
	      <P Name="ParameterDowncastMsg">error</P>
	      <P Name="ParameterOverflowMsg">error</P>
	      <P Name="ParameterUnderflowMsg">none</P>
	      <P Name="ParameterPrecisionLossMsg">warning</P>
	      <P Name="ParameterTunabilityLossMsg">warning</P>
	      <P Name="FixptConstUnderflowMsg">none</P>
	      <P Name="FixptConstOverflowMsg">none</P>
	      <P Name="FixptConstPrecisionLossMsg">none</P>
	      <P Name="UnderSpecifiedDataTypeMsg">none</P>
	      <P Name="UnnecessaryDatatypeConvMsg">none</P>
	      <P Name="VectorMatrixConversionMsg">none</P>
	      <P Name="InvalidFcnCallConnMsg">error</P>
	      <P Name="FcnCallInpInsideContextMsg">EnableAllAsWarning</P>
	      <P Name="SignalLabelMismatchMsg">none</P>
	      <P Name="UnconnectedInputMsg">warning</P>
	      <P Name="UnconnectedOutputMsg">warning</P>
	      <P Name="UnconnectedLineMsg">warning</P>
	      <P Name="SFcnCompatibilityMsg">none</P>
	      <P Name="FrameProcessingCompatibilityMsg">warning</P>
	      <P Name="UniqueDataStoreMsg">none</P>
	      <P Name="BusObjectLabelMismatch">warning</P>
	      <P Name="RootOutportRequireBusObject">warning</P>
	      <P Name="AssertControl">UseLocalSettings</P>
	      <P Name="EnableOverflowDetection">off</P>
	      <P Name="ModelReferenceIOMsg">none</P>
	      <P Name="ModelReferenceMultiInstanceNormalModeStructChecksumCheck">error</P>
	      <P Name="ModelReferenceVersionMismatchMessage">none</P>
	      <P Name="ModelReferenceIOMismatchMessage">none</P>
	      <P Name="ModelReferenceCSMismatchMessage">none</P>
	      <P Name="UnknownTsInhSupMsg">warning</P>
	      <P Name="ModelReferenceDataLoggingMessage">warning</P>
	      <P Name="ModelReferenceSymbolNameMessage">warning</P>
	      <P Name="ModelReferenceExtraNoncontSigs">error</P>
	      <P Name="StateNameClashWarn">warning</P>
	      <P Name="SimStateInterfaceChecksumMismatchMsg">warning</P>
	      <P Name="SimStateOlderReleaseMsg">error</P>
	      <P Name="InitInArrayFormatMsg">warning</P>
	      <P Name="StrictBusMsg">ErrorLevel1</P>
	      <P Name="BusNameAdapt">WarnAndRepair</P>
	      <P Name="NonBusSignalsTreatedAsBus">none</P>
	      <P Name="LoggingUnavailableSignals">error</P>
	      <P Name="BlockIODiagnostic">none</P>
	      <P Name="SFUnusedDataAndEventsDiag">warning</P>
	      <P Name="SFUnexpectedBacktrackingDiag">warning</P>
	      <P Name="SFInvalidInputDataAccessInChartInitDiag">warning</P>
	      <P Name="SFNoUnconditionalDefaultTransitionDiag">warning</P>
	      <P Name="SFTransitionOutsideNaturalParentDiag">warning</P>
	      <P Name="SFUnconditionalTransitionShadowingDiag">warning</P>
	      <P Name="SFUndirectedBroadcastEventsDiag">warning</P>
	      <P Name="SFTransitionActionBeforeConditionDiag">warning</P>
	    </Object>
	    <Object ObjectID="12" Version="1.12.1" ClassName="Simulink.HardwareCC">
	      <P Name="ProdBitPerChar">8</P>
	      <P Name="ProdBitPerShort">16</P>
	      <P Name="ProdBitPerInt">32</P>
	      <P Name="ProdBitPerLong">32</P>
	      <P Name="ProdBitPerFloat">32</P>
	      <P Name="ProdBitPerDouble">64</P>
	      <P Name="ProdBitPerPointer">32</P>
	      <P Name="ProdLargestAtomicInteger">Char</P>
	      <P Name="ProdLargestAtomicFloat">None</P>
	      <P Name="ProdIntDivRoundTo">Undefined</P>
	      <P Name="ProdEndianess">Unspecified</P>
	      <P Name="ProdWordSize">32</P>
	      <P Name="ProdShiftRightIntArith">on</P>
	      <P Name="ProdHWDeviceType">32-bit Generic</P>
	      <P Name="TargetBitPerChar">8</P>
	      <P Name="TargetBitPerShort">16</P>
	      <P Name="TargetBitPerInt">32</P>
	      <P Name="TargetBitPerLong">32</P>
	      <P Name="TargetBitPerFloat">32</P>
	      <P Name="TargetBitPerDouble">64</P>
	      <P Name="TargetBitPerPointer">32</P>
	      <P Name="TargetLargestAtomicInteger">Char</P>
	      <P Name="TargetLargestAtomicFloat">None</P>
	      <P Name="TargetShiftRightIntArith">on</P>
	      <P Name="TargetIntDivRoundTo">Undefined</P>
	      <P Name="TargetEndianess">Unspecified</P>
	      <P Name="TargetWordSize">32</P>
	      <P Name="TargetTypeEmulationWarnSuppressLevel">0</P>
	      <P Name="TargetPreprocMaxBitsSint">32</P>
	      <P Name="TargetPreprocMaxBitsUint">32</P>
	      <P Name="TargetHWDeviceType">Specified</P>
	      <P Name="TargetUnknown">off</P>
	      <P Name="ProdEqTarget">on</P>
	    </Object>
	    <Object ObjectID="13" Version="1.12.1" ClassName="Simulink.ModelReferenceCC">
	      <P Name="UpdateModelReferenceTargets">IfOutOfDateOrStructuralChange</P>
	      <P Name="CheckModelReferenceTargetMessage">error</P>
	      <P Name="EnableParallelModelReferenceBuilds">off</P>
	      <P Name="ParallelModelReferenceErrorOnInvalidPool">on</P>
	      <P Name="ParallelModelReferenceMATLABWorkerInit">None</P>
	      <P Name="ModelReferenceNumInstancesAllowed">Multi</P>
	      <P Name="PropagateVarSize">Infer from blocks in model</P>
	      <P Name="ModelReferencePassRootInputsByReference">on</P>
	      <P Name="ModelReferenceMinAlgLoopOccurrences">off</P>
	      <P Name="PropagateSignalLabelsOutOfModel">off</P>
	      <P Name="SupportModelReferenceSimTargetCustomCode">off</P>
	    </Object>
	    <Object ObjectID="14" Version="1.12.1" ClassName="Simulink.SFSimCC">
	      <P Name="SFSimEnableDebug">on</P>
	      <P Name="SFSimOverflowDetection">on</P>
	      <P Name="SFSimEcho">on</P>
	      <P Name="SimBlas">on</P>
	      <P Name="SimCtrlC">on</P>
	      <P Name="SimExtrinsic">on</P>
	      <P Name="SimIntegrity">on</P>
	      <P Name="SimUseLocalCustomCode">off</P>
	      <P Name="SimParseCustomCode">on</P>
	      <P Name="SimBuildMode">sf_incremental_build</P>
	    </Object>
	    <Object BackupClass="Simulink.RTWCC" ObjectID="15" Version="1.12.1" ClassName="Simulink.RTWCC">
	      <Array PropName="DisabledProps" Type="Cell" Dimension="1*9">
		<Cell Class="char">IncludeHyperlinkInReport</Cell>
		<Cell Class="char">GenerateTraceInfo</Cell>
		<Cell Class="char">GenerateTraceReport</Cell>
		<Cell Class="char">GenerateTraceReportSl</Cell>
		<Cell Class="char">GenerateTraceReportSf</Cell>
		<Cell Class="char">GenerateTraceReportEml</Cell>
		<Cell Class="char">GenerateWebview</Cell>
		<Cell Class="char">GenerateCodeMetricsReport</Cell>
		<Cell Class="char">GenerateCodeReplacementReport</Cell>
	      </Array>
	      <P Name="SystemTargetFile">grt.tlc</P>
	      <P Name="GenCodeOnly">off</P>
	      <P Name="MakeCommand">make_rtw</P>
	      <P Name="GenerateMakefile">on</P>
	      <P Name="PackageGeneratedCodeAndArtifacts">off</P>
	      <P Name="TemplateMakefile">grt_default_tmf</P>
	      <P Name="GenerateReport">off</P>
	      <P Name="SaveLog">off</P>
	      <P Name="RTWVerbose">on</P>
	      <P Name="RetainRTWFile">off</P>
	      <P Name="ProfileTLC">off</P>
	      <P Name="TLCDebug">off</P>
	      <P Name="TLCCoverage">off</P>
	      <P Name="TLCAssert">off</P>
	      <P Name="ProcessScriptMode">Default</P>
	      <P Name="ConfigurationMode">Optimized</P>
	      <P Name="ConfigAtBuild">off</P>
	      <P Name="RTWUseLocalCustomCode">off</P>
	      <P Name="RTWUseSimCustomCode">off</P>
	      <P Name="IncludeHyperlinkInReport">off</P>
	      <P Name="LaunchReport">off</P>
	      <P Name="PortableWordSizes">off</P>
	      <P Name="GenerateErtSFunction">off</P>
	      <P Name="CreateSILPILBlock">None</P>
	      <P Name="CodeExecutionProfiling">off</P>
	      <P Name="CodeExecutionProfileVariable">executionProfile</P>
	      <P Name="CodeProfilingSaveOptions">SummaryOnly</P>
	      <P Name="CodeProfilingInstrumentation">off</P>
	      <P Name="TargetLang">C</P>
	      <P Name="IncludeBusHierarchyInRTWFileBlockHierarchyMap">off</P>
	      <P Name="IncludeERTFirstTime">off</P>
	      <P Name="GenerateTraceInfo">off</P>
	      <P Name="GenerateTraceReport">off</P>
	      <P Name="GenerateTraceReportSl">off</P>
	      <P Name="GenerateTraceReportSf">off</P>
	      <P Name="GenerateTraceReportEml">off</P>
	      <P Name="GenerateCodeInfo">off</P>
	      <P Name="GenerateWebview">off</P>
	      <P Name="GenerateCodeMetricsReport">off</P>
	      <P Name="GenerateCodeReplacementReport">off</P>
	      <P Name="RTWCompilerOptimization">Off</P>
	      <P Name="CheckMdlBeforeBuild">Off</P>
	      <P Name="CustomRebuildMode">OnUpdate</P>
	      <Array PropName="Components" Type="Handle" Dimension="1*2">
		<Object ObjectID="16" Version="1.12.1" ClassName="Simulink.CodeAppCC">
		  <Array PropName="DisabledProps" Type="Cell" Dimension="1*21">
		    <Cell Class="char">IgnoreCustomStorageClasses</Cell>
		    <Cell Class="char">IgnoreTestpoints</Cell>
		    <Cell Class="char">InsertBlockDesc</Cell>
		    <Cell Class="char">InsertPolySpaceComments</Cell>
		    <Cell Class="char">SFDataObjDesc</Cell>
		    <Cell Class="char">MATLABFcnDesc</Cell>
		    <Cell Class="char">SimulinkDataObjDesc</Cell>
		    <Cell Class="char">DefineNamingRule</Cell>
		    <Cell Class="char">SignalNamingRule</Cell>
		    <Cell Class="char">ParamNamingRule</Cell>
		    <Cell Class="char">InlinedPrmAccess</Cell>
		    <Cell Class="char">CustomSymbolStr</Cell>
		    <Cell Class="char">CustomSymbolStrGlobalVar</Cell>
		    <Cell Class="char">CustomSymbolStrType</Cell>
		    <Cell Class="char">CustomSymbolStrField</Cell>
		    <Cell Class="char">CustomSymbolStrFcn</Cell>
		    <Cell Class="char">CustomSymbolStrFcnArg</Cell>
		    <Cell Class="char">CustomSymbolStrBlkIO</Cell>
		    <Cell Class="char">CustomSymbolStrTmpVar</Cell>
		    <Cell Class="char">CustomSymbolStrMacro</Cell>
		    <Cell Class="char">ReqsInCode</Cell>
		  </Array>
		  <P Name="ForceParamTrailComments">off</P>
		  <P Name="GenerateComments">on</P>
		  <P Name="IgnoreCustomStorageClasses">on</P>
		  <P Name="IgnoreTestpoints">off</P>
		  <P Name="IncHierarchyInIds">off</P>
		  <P Name="MaxIdLength">31</P>
		  <P Name="PreserveName">off</P>
		  <P Name="PreserveNameWithParent">off</P>
		  <P Name="ShowEliminatedStatement">off</P>
		  <P Name="OperatorAnnotations">off</P>
		  <P Name="IncAutoGenComments">off</P>
		  <P Name="SimulinkDataObjDesc">off</P>
		  <P Name="SFDataObjDesc">off</P>
		  <P Name="MATLABFcnDesc">off</P>
		  <P Name="IncDataTypeInIds">off</P>
		  <P Name="MangleLength">1</P>
		  <P Name="CustomSymbolStrGlobalVar">$R$N$M</P>
		  <P Name="CustomSymbolStrType">$N$R$M</P>
		  <P Name="CustomSymbolStrField">$N$M</P>
		  <P Name="CustomSymbolStrFcn">$R$N$M$F</P>
		  <P Name="CustomSymbolStrFcnArg">rt$I$N$M</P>
		  <P Name="CustomSymbolStrBlkIO">rtb_$N$M</P>
		  <P Name="CustomSymbolStrTmpVar">$N$M</P>
		  <P Name="CustomSymbolStrMacro">$R$N$M</P>
		  <P Name="DefineNamingRule">None</P>
		  <P Name="ParamNamingRule">None</P>
		  <P Name="SignalNamingRule">None</P>
		  <P Name="InsertBlockDesc">off</P>
		  <P Name="InsertPolySpaceComments">off</P>
		  <P Name="SimulinkBlockComments">on</P>
		  <P Name="MATLABSourceComments">off</P>
		  <P Name="EnableCustomComments">off</P>
		  <P Name="InternalIdentifier">Classic</P>
		  <P Name="InlinedPrmAccess">Literals</P>
		  <P Name="ReqsInCode">off</P>
		  <P Name="UseSimReservedNames">off</P>
		</Object>
		<Object BackupClass="Simulink.TargetCC" ObjectID="17" Version="1.12.1" ClassName="Simulink.GRTTargetCC">
		  <Array PropName="DisabledProps" Type="Cell" Dimension="1*16">
		    <Cell Class="char">GeneratePreprocessorConditionals</Cell>
		    <Cell Class="char">IncludeMdlTerminateFcn</Cell>
		    <Cell Class="char">CombineOutputUpdateFcns</Cell>
		    <Cell Class="char">SuppressErrorStatus</Cell>
		    <Cell Class="char">ERTCustomFileBanners</Cell>
		    <Cell Class="char">GenerateSampleERTMain</Cell>
		    <Cell Class="char">GenerateTestInterfaces</Cell>
		    <Cell Class="char">ModelStepFunctionPrototypeControlCompliant</Cell>
		    <Cell Class="char">CPPClassGenCompliant</Cell>
		    <Cell Class="char">MultiInstanceERTCode</Cell>
		    <Cell Class="char">PurelyIntegerCode</Cell>
		    <Cell Class="char">SupportComplex</Cell>
		    <Cell Class="char">SupportAbsoluteTime</Cell>
		    <Cell Class="char">SupportContinuousTime</Cell>
		    <Cell Class="char">SupportNonInlinedSFcns</Cell>
		    <Cell Class="char">PortableWordSizes</Cell>
		  </Array>
		  <P Name="TargetFcnLib">ansi_tfl_table_tmw.mat</P>
		  <P Name="TargetLibSuffix"></P>
		  <P Name="TargetPreCompLibLocation"></P>
		  <P Name="CodeReplacementLibrary">ANSI_C</P>
		  <P Name="UtilityFuncGeneration">Auto</P>
		  <P Name="ERTMultiwordTypeDef">System defined</P>
		  <P Name="ERTMultiwordLength">256</P>
		  <P Name="MultiwordLength">2048</P>
		  <P Name="GenerateFullHeader">on</P>
		  <P Name="GenerateSampleERTMain">off</P>
		  <P Name="GenerateTestInterfaces">off</P>
		  <P Name="IsPILTarget">off</P>
		  <P Name="ModelReferenceCompliant">on</P>
		  <P Name="ParMdlRefBuildCompliant">on</P>
		  <P Name="CompOptLevelCompliant">on</P>
		  <P Name="ConcurrentExecutionCompliant">on</P>
		  <P Name="IncludeMdlTerminateFcn">on</P>
		  <P Name="GeneratePreprocessorConditionals">Disable all</P>
		  <P Name="CombineOutputUpdateFcns">on</P>
		  <P Name="CombineSignalStateStructs">off</P>
		  <P Name="SuppressErrorStatus">off</P>
		  <P Name="ERTFirstTimeCompliant">off</P>
		  <P Name="IncludeFileDelimiter">Auto</P>
		  <P Name="ERTCustomFileBanners">off</P>
		  <P Name="SupportAbsoluteTime">on</P>
		  <P Name="LogVarNameModifier">rt_</P>
		  <P Name="MatFileLogging">on</P>
		  <P Name="MultiInstanceERTCode">off</P>
		  <P Name="SupportNonFinite">on</P>
		  <P Name="SupportComplex">on</P>
		  <P Name="PurelyIntegerCode">off</P>
		  <P Name="SupportContinuousTime">on</P>
		  <P Name="SupportNonInlinedSFcns">on</P>
		  <P Name="SupportVariableSizeSignals">off</P>
		  <P Name="EnableShiftOperators">on</P>
		  <P Name="ParenthesesLevel">Nominal</P>
		  <P Name="ModelStepFunctionPrototypeControlCompliant">off</P>
		  <P Name="CPPClassGenCompliant">off</P>
		  <P Name="AutosarCompliant">off</P>
		  <P Name="GRTInterface">off</P>
		  <P Name="UseMalloc">off</P>
		  <P Name="ExtMode">off</P>
		  <P Name="ExtModeStaticAlloc">off</P>
		  <P Name="ExtModeTesting">off</P>
		  <P Name="ExtModeStaticAllocSize">1000000</P>
		  <P Name="ExtModeTransport">0</P>
		  <P Name="ExtModeMexFile">ext_comm</P>
		  <P Name="ExtModeIntrfLevel">Level1</P>
		  <P Name="RTWCAPISignals">off</P>
		  <P Name="RTWCAPIParams">off</P>
		  <P Name="RTWCAPIStates">off</P>
		  <P Name="RTWCAPIRootIO">off</P>
		  <P Name="GenerateASAP2">off</P>
		</Object>
	      </Array>
	    </Object>
	  </Array>
	  <P Name="Name">Configuration</P>
	  <P Name="CurrentDlgPage">Solver</P>
	  <P Name="ConfigPrmDlgPosition"> [ 72, 69, 952, 699 ] </P>
	</Object>
      </Array>
      <Object Reference="true" PropName="ActiveConfigurationSet" ObjectID="7" ClassName="Simulink.ConfigSet">
      </Object>
    </ConfigurationSet>
    <ConcurrentExecutionSettings>
      <Object PropName="DataTransfer" ObjectID="18" ClassName="Simulink.GlobalDataTransfer">
	<P Name="DefaultTransitionBetweenSyncTasks" Class="char">Ensure deterministic transfer (maximum delay)</P>
	<P Name="DefaultTransitionBetweenAsyncTasks" Class="char">Ensure data integrity only</P>
	<P Name="DefaultTransitionBetweenContTasks" Class="char">Ensure deterministic transfer (minimum delay)</P>
	<P Name="DefaultExtrapolationMethodBetweenContTasks" Class="char">None</P>
	<P Name="AutoInsertRateTranBlk" Class="logical">0</P>
      </Object>
      <P Name="ExplicitPartitioning">off</P>
    </ConcurrentExecutionSettings>
    <SystemDefaults>
      <P Name="PaperOrientation">landscape</P>
      <P Name="PaperPositionMode">auto</P>
      <P Name="PaperType">A4</P>
      <P Name="PaperUnits">centimeters</P>
      <P Name="TiledPaperMargins">[1.270000, 1.270000, 1.270000, 1.270000]</P>
      <P Name="TiledPageScale">1</P>
      <P Name="ShowPageBoundaries">off</P>
      <P Name="ModelBrowserVisibility">off</P>
      <P Name="ModelBrowserWidth">200</P>
      <P Name="ScreenColor">white</P>
    </SystemDefaults>
    <BlockDefaults>
      <P Name="ForegroundColor">black</P>
      <P Name="BackgroundColor">white</P>
      <P Name="DropShadow">off</P>
      <P Name="NamePlacement">normal</P>
      <P Name="FontName">Helvetica</P>
      <P Name="FontSize">10</P>
      <P Name="FontWeight">normal</P>
      <P Name="FontAngle">normal</P>
      <P Name="ShowName">on</P>
      <P Name="BlockRotation">0</P>
      <P Name="BlockMirror">off</P>
    </BlockDefaults>
    <AnnotationDefaults>
      <P Name="HorizontalAlignment">center</P>
      <P Name="VerticalAlignment">middle</P>
      <P Name="ForegroundColor">black</P>
      <P Name="BackgroundColor">white</P>
      <P Name="DropShadow">off</P>
      <P Name="FontName">Helvetica</P>
      <P Name="FontSize">10</P>
      <P Name="FontWeight">normal</P>
      <P Name="FontAngle">normal</P>
      <P Name="UseDisplayTextAsClickCallback">off</P>
    </AnnotationDefaults>
    <LineDefaults>
      <P Name="FontName">Helvetica</P>
      <P Name="FontSize">9</P>
      <P Name="FontWeight">normal</P>
      <P Name="FontAngle">normal</P>
    </LineDefaults>
    <MaskDefaults>
      <P Name="SelfModifiable">off</P>
      <P Name="IconFrame">on</P>
      <P Name="IconOpaque">on</P>
      <P Name="RunInitForIconRedraw">off</P>
      <P Name="IconRotate">none</P>
      <P Name="PortRotate">default</P>
      <P Name="IconUnits">autoscale</P>
    </MaskDefaults>
    <MaskParameterDefaults>
      <P Name="Evaluate">on</P>
      <P Name="Tunable">on</P>
      <P Name="NeverSave">off</P>
      <P Name="Internal">off</P>
      <P Name="ReadOnly">off</P>
      <P Name="Enabled">on</P>
      <P Name="Visible">on</P>
      <P Name="ToolTip">on</P>
    </MaskParameterDefaults>
    <BlockParameterDefaults>
      <Block BlockType="DiscreteTransferFcn">
	<P Name="NumeratorSource">Dialog</P>
	<P Name="Numerator">[1]</P>
	<P Name="DenominatorSource">Dialog</P>
	<P Name="Denominator">[1 0.5]</P>
	<P Name="InitialStatesSource">Dialog</P>
	<P Name="InitialStates">0</P>
	<P Name="InputProcessing">Elements as channels (sample based)</P>
	<P Name="ExternalReset">None</P>
	<P Name="InitialDenominatorStates">0</P>
	<P Name="FilterStructure">Direct form II</P>
	<P Name="SampleTime">-1</P>
	<P Name="a0EqualsOne">off</P>
	<P Name="NumCoefMin">[]</P>
	<P Name="NumCoefMax">[]</P>
	<P Name="DenCoefMin">[]</P>
	<P Name="DenCoefMax">[]</P>
	<P Name="OutMin">[]</P>
	<P Name="OutMax">[]</P>
	<P Name="StateDataTypeStr">Inherit: Same as input</P>
	<P Name="MultiplicandDataTypeStr">Inherit: Same as input</P>
	<P Name="NumCoefDataTypeStr">Inherit: Inherit via internal rule</P>
	<P Name="DenCoefDataTypeStr">Inherit: Inherit via internal rule</P>
	<P Name="NumProductDataTypeStr">Inherit: Inherit via internal rule</P>
	<P Name="DenProductDataTypeStr">Inherit: Inherit via internal rule</P>
	<P Name="NumAccumDataTypeStr">Inherit: Inherit via internal rule</P>
	<P Name="DenAccumDataTypeStr">Inherit: Inherit via internal rule</P>
	<P Name="OutDataTypeStr">Inherit: Inherit via internal rule</P>
	<P Name="LockScale">off</P>
	<P Name="RndMeth">Floor</P>
	<P Name="SaturateOnIntegerOverflow">off</P>
	<P Name="StateMustResolveToSignalObject">off</P>
	<P Name="RTWStateStorageClass">Auto</P>
      </Block>
      <Block BlockType="Gain">
	<P Name="Gain">1</P>
	<P Name="Multiplication">Element-wise(K.*u)</P>
	<P Name="ParamMin">[]</P>
	<P Name="ParamMax">[]</P>
	<P Name="ParamDataTypeStr">Inherit: Same as input</P>
	<P Name="OutMin">[]</P>
	<P Name="OutMax">[]</P>
	<P Name="OutDataTypeStr">Inherit: Same as input</P>
	<P Name="LockScale">off</P>
	<P Name="RndMeth">Floor</P>
	<P Name="SaturateOnIntegerOverflow">on</P>
	<P Name="SampleTime">-1</P>
      </Block>
      <Block BlockType="Integrator">
	<P Name="ExternalReset">none</P>
	<P Name="InitialConditionSource">internal</P>
	<P Name="InitialCondition">0</P>
	<P Name="LimitOutput">off</P>
	<P Name="UpperSaturationLimit">inf</P>
	<P Name="LowerSaturationLimit">-inf</P>
	<P Name="ShowSaturationPort">off</P>
	<P Name="ShowStatePort">off</P>
	<P Name="AbsoluteTolerance">auto</P>
	<P Name="IgnoreLimit">off</P>
	<P Name="ZeroCross">on</P>
	<P Name="ContinuousStateAttributes">&apos;&apos;</P>
      </Block>
      <Block BlockType="Scope">
	<P Name="ModelBased">off</P>
	<P Name="TickLabels">OneTimeTick</P>
	<P Name="ZoomMode">on</P>
	<P Name="Grid">on</P>
	<P Name="TimeRange">auto</P>
	<P Name="YMin">-5</P>
	<P Name="YMax">5</P>
	<P Name="SaveToWorkspace">off</P>
	<P Name="SaveName">ScopeData</P>
	<P Name="DataFormat">Array</P>
	<P Name="LimitDataPoints">on</P>
	<P Name="MaxDataPoints">5000</P>
	<P Name="Decimation">1</P>
	<P Name="SampleInput">off</P>
	<P Name="SampleTime">-1</P>
      </Block>
      <Block BlockType="Step">
	<P Name="Time">1</P>
	<P Name="Before">0</P>
	<P Name="After">1</P>
	<P Name="SampleTime">-1</P>
	<P Name="VectorParams1D">on</P>
	<P Name="ZeroCross">on</P>
      </Block>
      <Block BlockType="Sum">
	<P Name="IconShape">rectangular</P>
	<P Name="Inputs">++</P>
	<P Name="CollapseMode">All dimensions</P>
	<P Name="CollapseDim">1</P>
	<P Name="InputSameDT">on</P>
	<P Name="AccumDataTypeStr">Inherit: Inherit via internal rule</P>
	<P Name="OutMin">[]</P>
	<P Name="OutMax">[]</P>
	<P Name="OutDataTypeStr">Inherit: Same as first input</P>
	<P Name="LockScale">off</P>
	<P Name="RndMeth">Floor</P>
	<P Name="SaturateOnIntegerOverflow">on</P>
	<P Name="SampleTime">-1</P>
      </Block>
      <Block BlockType="UnitDelay">
	<P Name="InitialCondition">0</P>
	<P Name="InputProcessing">Inherited</P>
	<P Name="SampleTime">1</P>
	<P Name="StateMustResolveToSignalObject">off</P>
	<P Name="CodeGenStateStorageClass">Auto</P>
	<P Name="HasFrameUpgradeWarning">on</P>
      </Block>
    </BlockParameterDefaults>
    <System>
      <P Name="Location">[-8, -8, 1374, 736]</P>
      <P Name="Open">on</P>
      <P Name="ZoomFactor">100</P>
      <P Name="ReportName">simulink-default.rpt</P>
      <P Name="SIDHighWatermark">85</P>
      <Block BlockType="Gain" Name="-ki" SID="40">
	<P Name="Position">[320, 645, 350, 675]</P>
	<P Name="ZOrder">38</P>
	<P Name="Gain">-ki</P>
	<P Name="Multiplication">Matrix(K*u) (u vector)</P>
	<P Name="ParamDataTypeStr">Inherit: Inherit via internal rule</P>
	<P Name="OutDataTypeStr">Inherit: Inherit via internal rule</P>
	<P Name="SaturateOnIntegerOverflow">off</P>
      </Block>
      <Block BlockType="Gain" Name="-kidis" SID="57">
	<P Name="Position">[1340, 625, 1370, 655]</P>
	<P Name="ZOrder">55</P>
	<P Name="Gain">-kidis</P>
	<P Name="Multiplication">Matrix(K*u) (u vector)</P>
	<P Name="ParamDataTypeStr">Inherit: Inherit via internal rule</P>
	<P Name="OutDataTypeStr">Inherit: Inherit via internal rule</P>
	<P Name="SaturateOnIntegerOverflow">off</P>
	<P Name="SampleTime">tm</P>
      </Block>
      <Block BlockType="Gain" Name="-kidis1" SID="74">
	<P Name="Position">[1295, 245, 1325, 275]</P>
	<P Name="ZOrder">66</P>
	<P Name="Gain">-kidis</P>
	<P Name="Multiplication">Matrix(K*u) (u vector)</P>
	<P Name="ParamDataTypeStr">Inherit: Inherit via internal rule</P>
	<P Name="OutDataTypeStr">Inherit: Inherit via internal rule</P>
	<P Name="SaturateOnIntegerOverflow">off</P>
	<P Name="SampleTime">tm</P>
      </Block>
      <Block BlockType="Gain" Name="-kp" SID="41">
	<P Name="Position">[735, 975, 765, 1005]</P>
	<P Name="ZOrder">31</P>
	<P Name="BlockMirror">on</P>
	<P Name="NamePlacement">alternate</P>
	<P Name="Gain">-kp</P>
	<P Name="Multiplication">Matrix(K*u) (u vector)</P>
	<P Name="ParamDataTypeStr">Inherit: Inherit via internal rule</P>
	<P Name="OutDataTypeStr">Inherit: Inherit via internal rule</P>
	<P Name="SaturateOnIntegerOverflow">off</P>
      </Block>
      <Block BlockType="Gain" Name="-kpdis" SID="58">
	<P Name="Position">[1755, 975, 1785, 1005]</P>
	<P Name="ZOrder">48</P>
	<P Name="BlockMirror">on</P>
	<P Name="NamePlacement">alternate</P>
	<P Name="Gain">-kpdis</P>
	<P Name="Multiplication">Matrix(K*u) (u vector)</P>
	<P Name="ParamDataTypeStr">Inherit: Inherit via internal rule</P>
	<P Name="OutDataTypeStr">Inherit: Inherit via internal rule</P>
	<P Name="SaturateOnIntegerOverflow">off</P>
	<P Name="SampleTime">tm</P>
      </Block>
      <Block BlockType="Gain" Name="-kpdis1" SID="85">
	<P Name="Position">[1600, 415, 1630, 445]</P>
	<P Name="ZOrder">70</P>
	<P Name="BlockMirror">on</P>
	<P Name="NamePlacement">alternate</P>
	<P Name="Gain">-kpdis</P>
	<P Name="Multiplication">Matrix(K*u) (u vector)</P>
	<P Name="ParamDataTypeStr">Inherit: Inherit via internal rule</P>
	<P Name="OutDataTypeStr">Inherit: Inherit via internal rule</P>
	<P Name="SaturateOnIntegerOverflow">off</P>
	<P Name="SampleTime">tm</P>
      </Block>
      <Block BlockType="Integrator" Name="Integrator" SID="6">
	<P Name="Ports">[1, 1]</P>
	<P Name="Position">[535, 215, 565, 245]</P>
	<P Name="ZOrder">-10</P>
      </Block>
      <Block BlockType="Integrator" Name="Integrator1" SID="10">
	<P Name="Ports">[1, 1]</P>
	<P Name="Position">[220, 215, 250, 245]</P>
	<P Name="ZOrder">-10</P>
      </Block>
      <Block BlockType="Integrator" Name="Integrator2" SID="42">
	<P Name="Ports">[1, 1]</P>
	<P Name="Position">[665, 645, 695, 675]</P>
	<P Name="ZOrder">25</P>
      </Block>
      <Block BlockType="Integrator" Name="Integrator3" SID="43">
	<P Name="Ports">[1, 1]</P>
	<P Name="Position">[760, 830, 790, 860]</P>
	<P Name="ZOrder">32</P>
      </Block>
      <Block BlockType="Integrator" Name="Integrator4" SID="44">
	<P Name="Ports">[1, 1]</P>
	<P Name="Position">[255, 645, 285, 675]</P>
	<P Name="ZOrder">39</P>
      </Block>
      <Block BlockType="Scope" Name="Scope" SID="13">
	<P Name="Ports">[1]</P>
	<P Name="Position">[865, 214, 895, 246]</P>
	<P Name="ZOrder">-16</P>
	<P Name="Floating">off</P>
	<P Name="Location">[9, 56, 676, 719]</P>
	<P Name="Open">off</P>
	<P Name="NumInputPorts">1</P>
	<List ListType="AxesTitles">
	  <P Name="axes1">%&lt;SignalLabel&gt;</P>
	</List>
	<List ListType="ScopeGraphics">
	  <P Name="FigureColor">[0.5 0.5 0.5]</P>
	  <P Name="AxesColor">[0 0 0]</P>
	  <P Name="AxesTickColor">[1 1 1]</P>
	  <P Name="LineColors">[1 1 0;1 0 1;0 1 1;1 0 0;0 1 0;0 0 1]</P>
	  <P Name="LineStyles">-|-|-|-|-|-</P>
	  <P Name="LineWidths">[0.5 0.5 0.5 0.5 0.5 0.5]</P>
	  <P Name="MarkerStyles">none|none|none|none|none|none</P>
	</List>
	<P Name="ShowLegends">off</P>
	<P Name="DataFormat">StructureWithTime</P>
	<P Name="SampleTime">0</P>
      </Block>
      <Block BlockType="Scope" Name="Scope1" SID="45">
	<P Name="Ports">[1]</P>
	<P Name="Position">[930, 644, 960, 676]</P>
	<P Name="ZOrder">28</P>
	<P Name="Floating">off</P>
	<P Name="Location">[692, 56, 1359, 719]</P>
	<P Name="Open">off</P>
	<P Name="NumInputPorts">1</P>
	<List ListType="AxesTitles">
	  <P Name="axes1">%&lt;SignalLabel&gt;</P>
	</List>
	<List ListType="ScopeGraphics">
	  <P Name="FigureColor">[0.5 0.5 0.5]</P>
	  <P Name="AxesColor">[0 0 0]</P>
	  <P Name="AxesTickColor">[1 1 1]</P>
	  <P Name="LineColors">[1 1 0;1 0 1;0 1 1;1 0 0;0 1 0;0 0 1]</P>
	  <P Name="LineStyles">-|-|-|-|-|-</P>
	  <P Name="LineWidths">[0.5 0.5 0.5 0.5 0.5 0.5]</P>
	  <P Name="MarkerStyles">none|none|none|none|none|none</P>
	</List>
	<P Name="ShowLegends">off</P>
	<P Name="SaveName">ScopeData1</P>
	<P Name="DataFormat">StructureWithTime</P>
	<P Name="SampleTime">0</P>
      </Block>
      <Block BlockType="Scope" Name="Scope2" SID="59">
	<P Name="Ports">[1]</P>
	<P Name="Position">[1855, 624, 1885, 656]</P>
	<P Name="ZOrder">44</P>
	<P Name="Floating">off</P>
	<P Name="Location">[5, 48, 1371, 727]</P>
	<P Name="Open">on</P>
	<P Name="NumInputPorts">1</P>
	<List ListType="AxesTitles">
	  <P Name="axes1">%&lt;SignalLabel&gt;</P>
	</List>
	<List ListType="ScopeGraphics">
	  <P Name="FigureColor">[0.5 0.5 0.5]</P>
	  <P Name="AxesColor">[0 0 0]</P>
	  <P Name="AxesTickColor">[1 1 1]</P>
	  <P Name="LineColors">[1 1 0;1 0 1;0 1 1;1 0 0;0 1 0;0 0 1]</P>
	  <P Name="LineStyles">-|-|-|-|-|-</P>
	  <P Name="LineWidths">[0.5 0.5 0.5 0.5 0.5 0.5]</P>
	  <P Name="MarkerStyles">none|none|none|none|none|none</P>
	</List>
	<P Name="ShowLegends">off</P>
	<P Name="SaveName">ScopeData2</P>
	<P Name="DataFormat">StructureWithTime</P>
	<P Name="SampleTime">0</P>
      </Block>
      <Block BlockType="Scope" Name="Scope3" SID="75">
	<P Name="Ports">[1]</P>
	<P Name="Position">[1810, 244, 1840, 276]</P>
	<P Name="ZOrder">61</P>
	<P Name="Floating">off</P>
	<P Name="Location">[5, 48, 1371, 727]</P>
	<P Name="Open">off</P>
	<P Name="NumInputPorts">1</P>
	<List ListType="AxesTitles">
	  <P Name="axes1">%&lt;SignalLabel&gt;</P>
	</List>
	<List ListType="ScopeGraphics">
	  <P Name="FigureColor">[0.5 0.5 0.5]</P>
	  <P Name="AxesColor">[0 0 0]</P>
	  <P Name="AxesTickColor">[1 1 1]</P>
	  <P Name="LineColors">[1 1 0;1 0 1;0 1 1;1 0 0;0 1 0;0 0 1]</P>
	  <P Name="LineStyles">-|-|-|-|-|-</P>
	  <P Name="LineWidths">[0.5 0.5 0.5 0.5 0.5 0.5]</P>
	  <P Name="MarkerStyles">none|none|none|none|none|none</P>
	</List>
	<P Name="ShowLegends">off</P>
	<P Name="SaveName">ScopeData3</P>
	<P Name="DataFormat">StructureWithTime</P>
	<P Name="SampleTime">0</P>
      </Block>
      <Block BlockType="Step" Name="Step" SID="11">
	<P Name="Position">[65, 215, 95, 245]</P>
	<P Name="ZOrder">-22</P>
	<P Name="Time">0</P>
	<P Name="After">5</P>
	<P Name="SampleTime">0</P>
      </Block>
      <Block BlockType="Step" Name="Step1" SID="46">
	<P Name="Position">[100, 645, 130, 675]</P>
	<P Name="ZOrder">41</P>
	<P Name="Time">0</P>
	<P Name="After">5</P>
	<P Name="SampleTime">0</P>
      </Block>
      <Block BlockType="Step" Name="Step2" SID="60">
	<P Name="Position">[1110, 625, 1140, 655]</P>
	<P Name="ZOrder">58</P>
	<P Name="Time">0</P>
	<P Name="After">5</P>
	<P Name="SampleTime">tm</P>
      </Block>
      <Block BlockType="Step" Name="Step3" SID="76">
	<P Name="Position">[1065, 245, 1095, 275]</P>
	<P Name="ZOrder">69</P>
	<P Name="Time">0</P>
	<P Name="After">5</P>
	<P Name="SampleTime">tm</P>
      </Block>
      <Block BlockType="Sum" Name="Sum" SID="2">
	<P Name="Ports">[2, 1]</P>
	<P Name="Position">[475, 220, 495, 240]</P>
	<P Name="ZOrder">-18</P>
	<P Name="ShowName">off</P>
	<P Name="IconShape">round</P>
	<P Name="Inputs">|++</P>
	<P Name="InputSameDT">off</P>
	<P Name="OutDataTypeStr">Inherit: Inherit via internal rule</P>
	<P Name="SaturateOnIntegerOverflow">off</P>
      </Block>
      <Block BlockType="Sum" Name="Sum1" SID="9">
	<P Name="Ports">[2, 1]</P>
	<P Name="Position">[350, 220, 370, 240]</P>
	<P Name="ZOrder">-18</P>
	<P Name="ShowName">off</P>
	<P Name="IconShape">round</P>
	<P Name="Inputs">|++</P>
	<P Name="InputSameDT">off</P>
	<P Name="OutDataTypeStr">Inherit: Inherit via internal rule</P>
	<P Name="SaturateOnIntegerOverflow">off</P>
      </Block>
      <Block BlockType="Sum" Name="Sum10" SID="64">
	<P Name="Ports">[2, 1]</P>
	<P Name="Position">[1175, 630, 1195, 650]</P>
	<P Name="ZOrder">57</P>
	<P Name="ShowName">off</P>
	<P Name="IconShape">round</P>
	<P Name="Inputs">|+-</P>
	<P Name="InputSameDT">off</P>
	<P Name="OutDataTypeStr">Inherit: Inherit via internal rule</P>
	<P Name="SaturateOnIntegerOverflow">off</P>
	<P Name="SampleTime">tm</P>
      </Block>
      <Block BlockType="Sum" Name="Sum11" SID="77">
	<P Name="Ports">[2, 1]</P>
	<P Name="Position">[1130, 250, 1150, 270]</P>
	<P Name="ZOrder">68</P>
	<P Name="ShowName">off</P>
	<P Name="IconShape">round</P>
	<P Name="Inputs">|+-</P>
	<P Name="InputSameDT">off</P>
	<P Name="OutDataTypeStr">Inherit: Inherit via internal rule</P>
	<P Name="SaturateOnIntegerOverflow">off</P>
	<P Name="SampleTime">tm</P>
      </Block>
      <Block BlockType="Sum" Name="Sum12" SID="78">
	<P Name="Ports">[2, 1]</P>
	<P Name="Position">[1540, 250, 1560, 270]</P>
	<P Name="ZOrder">60</P>
	<P Name="ShowName">off</P>
	<P Name="IconShape">round</P>
	<P Name="Inputs">|++</P>
	<P Name="InputSameDT">off</P>
	<P Name="OutDataTypeStr">Inherit: Inherit via internal rule</P>
	<P Name="SaturateOnIntegerOverflow">off</P>
	<P Name="SampleTime">tm</P>
      </Block>
      <Block BlockType="Sum" Name="Sum13" SID="79">
	<P Name="Ports">[2, 1]</P>
	<P Name="Position">[1370, 250, 1390, 270]</P>
	<P Name="ZOrder">65</P>
	<P Name="ShowName">off</P>
	<P Name="IconShape">round</P>
	<P Name="Inputs">|++</P>
	<P Name="InputSameDT">off</P>
	<P Name="OutDataTypeStr">Inherit: Inherit via internal rule</P>
	<P Name="SaturateOnIntegerOverflow">off</P>
	<P Name="SampleTime">tm</P>
      </Block>
      <Block BlockType="Sum" Name="Sum2" SID="12">
	<P Name="Ports">[2, 1]</P>
	<P Name="Position">[145, 220, 165, 240]</P>
	<P Name="ZOrder">-18</P>
	<P Name="ShowName">off</P>
	<P Name="IconShape">round</P>
	<P Name="Inputs">|+-</P>
	<P Name="InputSameDT">off</P>
	<P Name="OutDataTypeStr">Inherit: Inherit via internal rule</P>
	<P Name="SaturateOnIntegerOverflow">off</P>
      </Block>
      <Block BlockType="Sum" Name="Sum3" SID="47">
	<P Name="Ports">[2, 1]</P>
	<P Name="Position">[605, 650, 625, 670]</P>
	<P Name="ZOrder">27</P>
	<P Name="ShowName">off</P>
	<P Name="IconShape">round</P>
	<P Name="Inputs">|++</P>
	<P Name="InputSameDT">off</P>
	<P Name="OutDataTypeStr">Inherit: Inherit via internal rule</P>
	<P Name="SaturateOnIntegerOverflow">off</P>
      </Block>
      <Block BlockType="Sum" Name="Sum4" SID="48">
	<P Name="Ports">[3, 1]</P>
	<P Name="Position">[675, 827, 695, 863]</P>
	<P Name="ZOrder">34</P>
	<P Name="ShowName">off</P>
	<P Name="Inputs">|+++</P>
	<P Name="InputSameDT">off</P>
	<P Name="OutDataTypeStr">Inherit: Inherit via internal rule</P>
	<P Name="SaturateOnIntegerOverflow">off</P>
      </Block>
      <Block BlockType="Sum" Name="Sum5" SID="49">
	<P Name="Ports">[2, 1]</P>
	<P Name="Position">[415, 650, 435, 670]</P>
	<P Name="ZOrder">37</P>
	<P Name="ShowName">off</P>
	<P Name="IconShape">round</P>
	<P Name="Inputs">|++</P>
	<P Name="InputSameDT">off</P>
	<P Name="OutDataTypeStr">Inherit: Inherit via internal rule</P>
	<P Name="SaturateOnIntegerOverflow">off</P>
      </Block>
      <Block BlockType="Sum" Name="Sum6" SID="50">
	<P Name="Ports">[2, 1]</P>
	<P Name="Position">[185, 650, 205, 670]</P>
	<P Name="ZOrder">40</P>
	<P Name="ShowName">off</P>
	<P Name="IconShape">round</P>
	<P Name="Inputs">|+-</P>
	<P Name="InputSameDT">off</P>
	<P Name="OutDataTypeStr">Inherit: Inherit via internal rule</P>
	<P Name="SaturateOnIntegerOverflow">off</P>
      </Block>
      <Block BlockType="Sum" Name="Sum7" SID="61">
	<P Name="Ports">[2, 1]</P>
	<P Name="Position">[1585, 630, 1605, 650]</P>
	<P Name="ZOrder">43</P>
	<P Name="ShowName">off</P>
	<P Name="IconShape">round</P>
	<P Name="Inputs">|++</P>
	<P Name="InputSameDT">off</P>
	<P Name="OutDataTypeStr">Inherit: Inherit via internal rule</P>
	<P Name="SaturateOnIntegerOverflow">off</P>
	<P Name="SampleTime">tm</P>
      </Block>
      <Block BlockType="Sum" Name="Sum8" SID="62">
	<P Name="Ports">[3, 1]</P>
	<P Name="Position">[1695, 827, 1715, 863]</P>
	<P Name="ZOrder">50</P>
	<P Name="ShowName">off</P>
	<P Name="Inputs">|+++</P>
	<P Name="InputSameDT">off</P>
	<P Name="OutDataTypeStr">Inherit: Inherit via internal rule</P>
	<P Name="SaturateOnIntegerOverflow">off</P>
	<P Name="SampleTime">tm</P>
      </Block>
      <Block BlockType="Sum" Name="Sum9" SID="63">
	<P Name="Ports">[2, 1]</P>
	<P Name="Position">[1415, 630, 1435, 650]</P>
	<P Name="ZOrder">54</P>
	<P Name="ShowName">off</P>
	<P Name="IconShape">round</P>
	<P Name="Inputs">|++</P>
	<P Name="InputSameDT">off</P>
	<P Name="OutDataTypeStr">Inherit: Inherit via internal rule</P>
	<P Name="SaturateOnIntegerOverflow">off</P>
	<P Name="SampleTime">tm</P>
      </Block>
      <Block BlockType="UnitDelay" Name="Unit Delay" SID="65">
	<P Name="Position">[1645, 623, 1680, 657]</P>
	<P Name="ZOrder">47</P>
	<P Name="InputProcessing">Elements as channels (sample based)</P>
	<P Name="SampleTime">tm</P>
      </Block>
      <Block BlockType="UnitDelay" Name="Unit Delay1" SID="66">
	<P Name="Position">[1780, 828, 1815, 862]</P>
	<P Name="ZOrder">53</P>
	<P Name="InputProcessing">Elements as channels (sample based)</P>
	<P Name="SampleTime">tm</P>
      </Block>
      <Block BlockType="UnitDelay" Name="Unit Delay2" SID="80">
	<P Name="Position">[1600, 243, 1635, 277]</P>
	<P Name="ZOrder">64</P>
	<P Name="InputProcessing">Elements as channels (sample based)</P>
	<P Name="SampleTime">tm</P>
      </Block>
      <Block BlockType="Gain" Name="a" SID="1">
	<P Name="Position">[535, 295, 565, 325]</P>
	<P Name="ZOrder">-11</P>
	<P Name="BlockMirror">on</P>
	<P Name="NamePlacement">alternate</P>
	<P Name="Gain">a</P>
	<P Name="Multiplication">Matrix(K*u) (u vector)</P>
	<P Name="ParamDataTypeStr">Inherit: Inherit via internal rule</P>
	<P Name="OutDataTypeStr">Inherit: Inherit via internal rule</P>
	<P Name="SaturateOnIntegerOverflow">off</P>
      </Block>
      <Block BlockType="Gain" Name="a-hc" SID="52">
	<P Name="Position">[735, 900, 765, 930]</P>
	<P Name="ZOrder">36</P>
	<P Name="BlockMirror">on</P>
	<P Name="NamePlacement">alternate</P>
	<P Name="Gain">a-(h*c)</P>
	<P Name="Multiplication">Matrix(K*u) (u vector)</P>
	<P Name="ParamDataTypeStr">Inherit: Inherit via internal rule</P>
	<P Name="OutDataTypeStr">Inherit: Inherit via internal rule</P>
	<P Name="SaturateOnIntegerOverflow">off</P>
      </Block>
      <Block BlockType="Gain" Name="a1" SID="51">
	<P Name="Position">[665, 735, 695, 765]</P>
	<P Name="ZOrder">30</P>
	<P Name="BlockMirror">on</P>
	<P Name="NamePlacement">alternate</P>
	<P Name="Gain">a</P>
	<P Name="Multiplication">Matrix(K*u) (u vector)</P>
	<P Name="ParamDataTypeStr">Inherit: Inherit via internal rule</P>
	<P Name="OutDataTypeStr">Inherit: Inherit via internal rule</P>
	<P Name="SaturateOnIntegerOverflow">off</P>
      </Block>
      <Block BlockType="Gain" Name="adis" SID="67">
	<P Name="Position">[1645, 715, 1675, 745]</P>
	<P Name="ZOrder">46</P>
	<P Name="BlockMirror">on</P>
	<P Name="NamePlacement">alternate</P>
	<P Name="Gain">adis</P>
	<P Name="Multiplication">Matrix(K*u) (u vector)</P>
	<P Name="ParamDataTypeStr">Inherit: Inherit via internal rule</P>
	<P Name="OutDataTypeStr">Inherit: Inherit via internal rule</P>
	<P Name="SaturateOnIntegerOverflow">off</P>
	<P Name="SampleTime">tm</P>
      </Block>
      <Block BlockType="Gain" Name="adis-hdiscdis" SID="68">
	<P Name="Position">[1755, 900, 1785, 930]</P>
	<P Name="ZOrder">52</P>
	<P Name="BlockMirror">on</P>
	<P Name="NamePlacement">alternate</P>
	<P Name="Gain">adis-(hdis*cdis)</P>
	<P Name="Multiplication">Matrix(K*u) (u vector)</P>
	<P Name="ParamDataTypeStr">Inherit: Inherit via internal rule</P>
	<P Name="OutDataTypeStr">Inherit: Inherit via internal rule</P>
	<P Name="SaturateOnIntegerOverflow">off</P>
	<P Name="SampleTime">tm</P>
      </Block>
      <Block BlockType="Gain" Name="adis1" SID="81">
	<P Name="Position">[1600, 335, 1630, 365]</P>
	<P Name="ZOrder">63</P>
	<P Name="BlockMirror">on</P>
	<P Name="NamePlacement">alternate</P>
	<P Name="Gain">adis</P>
	<P Name="Multiplication">Matrix(K*u) (u vector)</P>
	<P Name="ParamDataTypeStr">Inherit: Inherit via internal rule</P>
	<P Name="OutDataTypeStr">Inherit: Inherit via internal rule</P>
	<P Name="SaturateOnIntegerOverflow">off</P>
	<P Name="SampleTime">tm</P>
      </Block>
      <Block BlockType="Gain" Name="b" SID="3">
	<P Name="Position">[415, 215, 445, 245]</P>
	<P Name="ZOrder">-11</P>
	<P Name="Gain">b</P>
	<P Name="Multiplication">Matrix(K*u) (u vector)</P>
	<P Name="ParamDataTypeStr">Inherit: Inherit via internal rule</P>
	<P Name="OutDataTypeStr">Inherit: Inherit via internal rule</P>
	<P Name="SaturateOnIntegerOverflow">off</P>
      </Block>
      <Block BlockType="Gain" Name="b1" SID="53">
	<P Name="Position">[530, 645, 560, 675]</P>
	<P Name="ZOrder">26</P>
	<P Name="Gain">b</P>
	<P Name="Multiplication">Matrix(K*u) (u vector)</P>
	<P Name="ParamDataTypeStr">Inherit: Inherit via internal rule</P>
	<P Name="OutDataTypeStr">Inherit: Inherit via internal rule</P>
	<P Name="SaturateOnIntegerOverflow">off</P>
      </Block>
      <Block BlockType="Gain" Name="b2" SID="54">
	<P Name="Position">[545, 865, 575, 895]</P>
	<P Name="ZOrder">35</P>
	<P Name="Gain">b</P>
	<P Name="Multiplication">Matrix(K*u) (u vector)</P>
	<P Name="ParamDataTypeStr">Inherit: Inherit via internal rule</P>
	<P Name="OutDataTypeStr">Inherit: Inherit via internal rule</P>
	<P Name="SaturateOnIntegerOverflow">off</P>
      </Block>
      <Block BlockType="Gain" Name="bdis" SID="69">
	<P Name="Position">[1510, 625, 1540, 655]</P>
	<P Name="ZOrder">42</P>
	<P Name="Gain">bdis</P>
	<P Name="Multiplication">Matrix(K*u) (u vector)</P>
	<P Name="ParamDataTypeStr">Inherit: Inherit via internal rule</P>
	<P Name="OutDataTypeStr">Inherit: Inherit via internal rule</P>
	<P Name="SaturateOnIntegerOverflow">off</P>
	<P Name="SampleTime">tm</P>
      </Block>
      <Block BlockType="Gain" Name="bdis1" SID="82">
	<P Name="Position">[1465, 245, 1495, 275]</P>
	<P Name="ZOrder">59</P>
	<P Name="Gain">bdis</P>
	<P Name="Multiplication">Matrix(K*u) (u vector)</P>
	<P Name="ParamDataTypeStr">Inherit: Inherit via internal rule</P>
	<P Name="OutDataTypeStr">Inherit: Inherit via internal rule</P>
	<P Name="SaturateOnIntegerOverflow">off</P>
	<P Name="SampleTime">tm</P>
      </Block>
      <Block BlockType="Gain" Name="bdis2" SID="70">
	<P Name="Position">[1565, 865, 1595, 895]</P>
	<P Name="ZOrder">51</P>
	<P Name="Gain">bdis</P>
	<P Name="Multiplication">Matrix(K*u) (u vector)</P>
	<P Name="ParamDataTypeStr">Inherit: Inherit via internal rule</P>
	<P Name="OutDataTypeStr">Inherit: Inherit via internal rule</P>
	<P Name="SaturateOnIntegerOverflow">off</P>
	<P Name="SampleTime">tm</P>
      </Block>
      <Block BlockType="Gain" Name="c" SID="4">
	<P Name="Position">[675, 215, 705, 245]</P>
	<P Name="ZOrder">-11</P>
	<P Name="Gain">c</P>
	<P Name="Multiplication">Matrix(K*u) (u vector)</P>
	<P Name="ParamDataTypeStr">Inherit: Inherit via internal rule</P>
	<P Name="OutDataTypeStr">Inherit: Inherit via internal rule</P>
	<P Name="SaturateOnIntegerOverflow">off</P>
      </Block>
      <Block BlockType="Gain" Name="c1" SID="55">
	<P Name="Position">[760, 645, 790, 675]</P>
	<P Name="ZOrder">29</P>
	<P Name="Gain">c</P>
	<P Name="Multiplication">Matrix(K*u) (u vector)</P>
	<P Name="ParamDataTypeStr">Inherit: Inherit via internal rule</P>
	<P Name="OutDataTypeStr">Inherit: Inherit via internal rule</P>
	<P Name="SaturateOnIntegerOverflow">off</P>
      </Block>
      <Block BlockType="Gain" Name="cdis" SID="71">
	<P Name="Position">[1740, 625, 1770, 655]</P>
	<P Name="ZOrder">45</P>
	<P Name="Gain">cdis</P>
	<P Name="Multiplication">Matrix(K*u) (u vector)</P>
	<P Name="ParamDataTypeStr">Inherit: Inherit via internal rule</P>
	<P Name="OutDataTypeStr">Inherit: Inherit via internal rule</P>
	<P Name="SaturateOnIntegerOverflow">off</P>
	<P Name="SampleTime">tm</P>
      </Block>
      <Block BlockType="Gain" Name="cdis1" SID="83">
	<P Name="Position">[1695, 245, 1725, 275]</P>
	<P Name="ZOrder">62</P>
	<P Name="Gain">cdis</P>
	<P Name="Multiplication">Matrix(K*u) (u vector)</P>
	<P Name="ParamDataTypeStr">Inherit: Inherit via internal rule</P>
	<P Name="OutDataTypeStr">Inherit: Inherit via internal rule</P>
	<P Name="SaturateOnIntegerOverflow">off</P>
	<P Name="SampleTime">tm</P>
      </Block>
      <Block BlockType="Gain" Name="h" SID="56">
	<P Name="Position">[545, 825, 575, 855]</P>
	<P Name="ZOrder">33</P>
	<P Name="Gain">h</P>
	<P Name="Multiplication">Matrix(K*u) (u vector)</P>
	<P Name="ParamDataTypeStr">Inherit: Inherit via internal rule</P>
	<P Name="OutDataTypeStr">Inherit: Inherit via internal rule</P>
	<P Name="SaturateOnIntegerOverflow">off</P>
      </Block>
      <Block BlockType="Gain" Name="hdis" SID="72">
	<P Name="Position">[1565, 825, 1595, 855]</P>
	<P Name="ZOrder">49</P>
	<P Name="Gain">hdis</P>
	<P Name="Multiplication">Matrix(K*u) (u vector)</P>
	<P Name="ParamDataTypeStr">Inherit: Inherit via internal rule</P>
	<P Name="OutDataTypeStr">Inherit: Inherit via internal rule</P>
	<P Name="SaturateOnIntegerOverflow">off</P>
	<P Name="SampleTime">tm</P>
      </Block>
      <Block BlockType="DiscreteTransferFcn" Name="integrador" SID="73">
	<P Name="Ports">[1, 1]</P>
	<P Name="Position">[1240, 622, 1300, 658]</P>
	<P Name="ZOrder">56</P>
	<P Name="InputPortMap">u0</P>
	<P Name="Numerator">[1 0]</P>
	<P Name="Denominator">[1 -1]</P>
	<P Name="SampleTime">tm</P>
      </Block>
      <Block BlockType="DiscreteTransferFcn" Name="integrador1" SID="84">
	<P Name="Ports">[1, 1]</P>
	<P Name="Position">[1195, 242, 1255, 278]</P>
	<P Name="ZOrder">67</P>
	<P Name="InputPortMap">u0</P>
	<P Name="Numerator">[1 0]</P>
	<P Name="Denominator">[1 -1]</P>
	<P Name="SampleTime">tm</P>
      </Block>
      <Block BlockType="Gain" Name="ki" SID="8">
	<P Name="Position">[285, 215, 315, 245]</P>
	<P Name="ZOrder">-11</P>
	<P Name="Gain">-ki</P>
	<P Name="Multiplication">Matrix(K*u) (u vector)</P>
	<P Name="ParamDataTypeStr">Inherit: Inherit via internal rule</P>
	<P Name="OutDataTypeStr">Inherit: Inherit via internal rule</P>
	<P Name="SaturateOnIntegerOverflow">off</P>
      </Block>
      <Block BlockType="Gain" Name="kp" SID="7">
	<P Name="Position">[535, 380, 565, 410]</P>
	<P Name="ZOrder">-11</P>
	<P Name="BlockMirror">on</P>
	<P Name="NamePlacement">alternate</P>
	<P Name="Gain">-kp</P>
	<P Name="Multiplication">Matrix(K*u) (u vector)</P>
	<P Name="ParamDataTypeStr">Inherit: Inherit via internal rule</P>
	<P Name="OutDataTypeStr">Inherit: Inherit via internal rule</P>
	<P Name="SaturateOnIntegerOverflow">off</P>
      </Block>
      <Line>
	<P Name="Src">3#out:1</P>
	<P Name="Dst">2#in:1</P>
      </Line>
      <Line>
	<P Name="Src">2#out:1</P>
	<P Name="Dst">6#in:1</P>
      </Line>
      <Line>
	<P Name="Src">6#out:1</P>
	<P Name="Points">[35, 0]</P>
	<Branch>
	  <P Name="Dst">4#in:1</P>
	</Branch>
	<Branch>
	  <P Name="Points">[0, 80]</P>
	  <Branch>
	    <P Name="Dst">1#in:1</P>
	  </Branch>
	  <Branch>
	    <P Name="Points">[0, 85]</P>
	    <P Name="Dst">7#in:1</P>
	  </Branch>
	</Branch>
      </Line>
      <Line>
	<P Name="Src">1#out:1</P>
	<P Name="Points">[-45, 0]</P>
	<P Name="Dst">2#in:2</P>
      </Line>
      <Line>
	<P Name="Src">7#out:1</P>
	<P Name="Points">[-170, 0]</P>
	<P Name="Dst">9#in:2</P>
      </Line>
      <Line>
	<P Name="Src">8#out:1</P>
	<P Name="Dst">9#in:1</P>
      </Line>
      <Line>
	<P Name="Src">9#out:1</P>
	<P Name="Dst">3#in:1</P>
      </Line>
      <Line>
	<P Name="Src">10#out:1</P>
	<P Name="Dst">8#in:1</P>
      </Line>
      <Line>
	<P Name="Src">11#out:1</P>
	<P Name="Dst">12#in:1</P>
      </Line>
      <Line>
	<P Name="Src">12#out:1</P>
	<P Name="Dst">10#in:1</P>
      </Line>
      <Line>
	<P Name="Src">4#out:1</P>
	<P Name="Points">[85, 0]</P>
	<Branch>
	  <P Name="Points">[0, 260; -640, 0]</P>
	  <P Name="Dst">12#in:2</P>
	</Branch>
	<Branch>
	  <P Name="Dst">13#in:1</P>
	</Branch>
      </Line>
      <Line>
	<P Name="Src">53#out:1</P>
	<P Name="Dst">47#in:1</P>
      </Line>
      <Line>
	<P Name="Src">47#out:1</P>
	<P Name="Dst">42#in:1</P>
      </Line>
      <Line>
	<P Name="Src">42#out:1</P>
	<P Name="Points">[32, 0]</P>
	<Branch>
	  <P Name="Points">[0, 90]</P>
	  <P Name="Dst">51#in:1</P>
	</Branch>
	<Branch>
	  <P Name="Dst">55#in:1</P>
	</Branch>
      </Line>
      <Line>
	<P Name="Src">51#out:1</P>
	<P Name="Points">[-45, 0]</P>
	<P Name="Dst">47#in:2</P>
      </Line>
      <Line>
	<P Name="Src">56#out:1</P>
	<P Name="Dst">48#in:1</P>
      </Line>
      <Line>
	<P Name="Src">54#out:1</P>
	<P Name="Points">[34, 0; 0, -30]</P>
	<P Name="Dst">48#in:2</P>
      </Line>
      <Line>
	<P Name="Src">48#out:1</P>
	<P Name="Dst">43#in:1</P>
      </Line>
      <Line>
	<P Name="Src">43#out:1</P>
	<P Name="Points">[50, 0; 0, 70]</P>
	<Branch>
	  <P Name="Points">[0, 75]</P>
	  <P Name="Dst">41#in:1</P>
	</Branch>
	<Branch>
	  <P Name="Dst">52#in:1</P>
	</Branch>
      </Line>
      <Line>
	<P Name="Src">52#out:1</P>
	<P Name="Points">[-99, 0; 0, -55]</P>
	<P Name="Dst">48#in:3</P>
      </Line>
      <Line>
	<P Name="Src">49#out:1</P>
	<P Name="Points">[31, 0]</P>
	<Branch>
	  <P Name="Points">[0, 220]</P>
	  <P Name="Dst">54#in:1</P>
	</Branch>
	<Branch>
	  <P Name="Dst">53#in:1</P>
	</Branch>
      </Line>
      <Line>
	<P Name="Src">41#out:1</P>
	<P Name="Points">[-305, 0]</P>
	<P Name="Dst">49#in:2</P>
      </Line>
      <Line>
	<P Name="Src">40#out:1</P>
	<P Name="Dst">49#in:1</P>
      </Line>
      <Line>
	<P Name="Src">44#out:1</P>
	<P Name="Dst">40#in:1</P>
      </Line>
      <Line>
	<P Name="Src">50#out:1</P>
	<P Name="Dst">44#in:1</P>
      </Line>
      <Line>
	<P Name="Src">46#out:1</P>
	<P Name="Dst">50#in:1</P>
      </Line>
      <Line>
	<P Name="Src">55#out:1</P>
	<P Name="Points">[42, 0]</P>
	<Branch>
	  <P Name="Points">[0, 132; -321, 0; 0, 48]</P>
	  <P Name="Dst">56#in:1</P>
	</Branch>
	<Branch>
	  <P Name="Points">[0, -70; -817, 0; 0, 122; 175, 0]</P>
	  <P Name="Dst">50#in:2</P>
	</Branch>
	<Branch>
	  <P Name="Dst">45#in:1</P>
	</Branch>
      </Line>
      <Line>
	<P Name="Src">69#out:1</P>
	<P Name="Dst">61#in:1</P>
      </Line>
      <Line>
	<P Name="Src">61#out:1</P>
	<P Name="Dst">65#in:1</P>
      </Line>
      <Line>
	<P Name="Src">65#out:1</P>
	<P Name="Points">[27, 0]</P>
	<Branch>
	  <P Name="Points">[0, 90]</P>
	  <P Name="Dst">67#in:1</P>
	</Branch>
	<Branch>
	  <P Name="Dst">71#in:1</P>
	</Branch>
      </Line>
      <Line>
	<P Name="Src">67#out:1</P>
	<P Name="Points">[-45, 0]</P>
	<P Name="Dst">61#in:2</P>
      </Line>
      <Line>
	<P Name="Src">72#out:1</P>
	<P Name="Dst">62#in:1</P>
      </Line>
      <Line>
	<P Name="Src">70#out:1</P>
	<P Name="Points">[34, 0; 0, -30]</P>
	<P Name="Dst">62#in:2</P>
      </Line>
      <Line>
	<P Name="Src">62#out:1</P>
	<P Name="Dst">66#in:1</P>
      </Line>
      <Line>
	<P Name="Src">66#out:1</P>
	<P Name="Points">[45, 0; 0, 70]</P>
	<Branch>
	  <P Name="Points">[0, 75]</P>
	  <P Name="Dst">58#in:1</P>
	</Branch>
	<Branch>
	  <P Name="Dst">68#in:1</P>
	</Branch>
      </Line>
      <Line>
	<P Name="Src">68#out:1</P>
	<P Name="Points">[-99, 0; 0, -55]</P>
	<P Name="Dst">62#in:3</P>
      </Line>
      <Line>
	<P Name="Src">63#out:1</P>
	<P Name="Points">[45, 0]</P>
	<Branch>
	  <P Name="Points">[0, 240]</P>
	  <P Name="Dst">70#in:1</P>
	</Branch>
	<Branch>
	  <P Name="Dst">69#in:1</P>
	</Branch>
      </Line>
      <Line>
	<P Name="Src">57#out:1</P>
	<P Name="Dst">63#in:1</P>
      </Line>
      <Line>
	<P Name="Src">73#out:1</P>
	<P Name="Dst">57#in:1</P>
      </Line>
      <Line>
	<P Name="Src">64#out:1</P>
	<P Name="Dst">73#in:1</P>
      </Line>
      <Line>
	<P Name="Src">60#out:1</P>
	<P Name="Dst">64#in:1</P>
      </Line>
      <Line>
	<P Name="Src">58#out:1</P>
	<P Name="Points">[-325, 0]</P>
	<P Name="Dst">63#in:2</P>
      </Line>
      <Line>
	<P Name="Src">71#out:1</P>
	<P Name="Points">[33, 0]</P>
	<Branch>
	  <P Name="Points">[0, -54; -769, 0; 0, 101; 146, 0]</P>
	  <P Name="Dst">64#in:2</P>
	</Branch>
	<Branch>
	  <P Name="Points">[0, 134; -258, 0]</P>
	  <P Name="Dst">72#in:1</P>
	</Branch>
	<Branch>
	  <P Name="Dst">59#in:1</P>
	</Branch>
      </Line>
      <Line>
	<P Name="Src">82#out:1</P>
	<P Name="Dst">78#in:1</P>
      </Line>
      <Line>
	<P Name="Src">78#out:1</P>
	<P Name="Dst">80#in:1</P>
      </Line>
      <Line>
	<P Name="Src">80#out:1</P>
	<P Name="Points">[27, 0]</P>
	<Branch>
	  <P Name="Points">[0, 90]</P>
	  <Branch>
	    <P Name="Points">[0, 80]</P>
	    <P Name="Dst">85#in:1</P>
	  </Branch>
	  <Branch>
	    <P Name="Dst">81#in:1</P>
	  </Branch>
	</Branch>
	<Branch>
	  <P Name="Dst">83#in:1</P>
	</Branch>
      </Line>
      <Line>
	<P Name="Src">81#out:1</P>
	<P Name="Points">[-45, 0]</P>
	<P Name="Dst">78#in:2</P>
      </Line>
      <Line>
	<P Name="Src">79#out:1</P>
	<P Name="Dst">82#in:1</P>
      </Line>
      <Line>
	<P Name="Src">74#out:1</P>
	<P Name="Dst">79#in:1</P>
      </Line>
      <Line>
	<P Name="Src">84#out:1</P>
	<P Name="Dst">74#in:1</P>
      </Line>
      <Line>
	<P Name="Src">77#out:1</P>
	<P Name="Dst">84#in:1</P>
      </Line>
      <Line>
	<P Name="Src">76#out:1</P>
	<P Name="Dst">77#in:1</P>
      </Line>
      <Line>
	<P Name="Src">83#out:1</P>
	<P Name="Points">[33, 0]</P>
	<Branch>
	  <P Name="Points">[0, -54; -769, 0; 0, 101; 146, 0]</P>
	  <P Name="Dst">77#in:2</P>
	</Branch>
	<Branch>
	  <P Name="Dst">75#in:1</P>
	</Branch>
      </Line>
      <Line>
	<P Name="Src">85#out:1</P>
	<P Name="Points">[-215, 0]</P>
	<P Name="Dst">79#in:2</P>
      </Line>
    </System>
  </Model>
</ModelInformation>
